{"variants":{"":[{"model":"minecraft:block/crying_obsidian"},{"model":"minecraft:block/crying_obsidian","x":90},{"model":"minecraft:block/crying_obsidian","x":180},{"model":"minecraft:block/crying_obsidian","x":270},{"model":"minecraft:block/crying_obsidian","y":90},{"model":"minecraft:block/crying_obsidian","y":90,"x":90},{"model":"minecraft:block/crying_obsidian","y":90,"x":180},{"model":"minecraft:block/crying_obsidian","y":90,"x":270},{"model":"minecraft:block/crying_obsidian","y":180},{"model":"minecraft:block/crying_obsidian","y":180,"x":90},{"model":"minecraft:block/crying_obsidian","y":180,"x":180},{"model":"minecraft:block/crying_obsidian","y":180,"x":270},{"model":"minecraft:block/crying_obsidian","y":270},{"model":"minecraft:block/crying_obsidian","y":270,"x":90},{"model":"minecraft:block/crying_obsidian","y":270,"x":180},{"model":"minecraft:block/crying_obsidian","y":270,"x":270}]}}