{"variants":{"":[{"model":"minecraft:block/gray_terracotta"},{"model":"minecraft:block/gray_terracotta","x":90},{"model":"minecraft:block/gray_terracotta","x":180},{"model":"minecraft:block/gray_terracotta","x":270},{"model":"minecraft:block/gray_terracotta","y":90},{"model":"minecraft:block/gray_terracotta","y":90,"x":90},{"model":"minecraft:block/gray_terracotta","y":90,"x":180},{"model":"minecraft:block/gray_terracotta","y":90,"x":270},{"model":"minecraft:block/gray_terracotta","y":180},{"model":"minecraft:block/gray_terracotta","y":180,"x":90},{"model":"minecraft:block/gray_terracotta","y":180,"x":180},{"model":"minecraft:block/gray_terracotta","y":180,"x":270},{"model":"minecraft:block/gray_terracotta","y":270},{"model":"minecraft:block/gray_terracotta","y":270,"x":90},{"model":"minecraft:block/gray_terracotta","y":270,"x":180},{"model":"minecraft:block/gray_terracotta","y":270,"x":270}]}}