{
   "providers": [
		{
         "type": "bitmap",
         "file": "minecraft:toggleon.png",
         "ascent": 11,
         "height": 16,
         "chars": [
            "\u0001"
         ]
      },
      {
         "type": "bitmap",
         "file": "minecraft:toggleoff.png",
         "ascent": 11,
         "height": 16,
         "chars": [
            "\u0002"
         ]
      },
      { 
         "type": "bitmap",
         "file": "minecraft:gui/title/you_died.png",
         "ascent": 15, "height": 16,
         "chars": [
            "\uE1FC"
         ]
      },
      { 
         "type": "bitmap",
         "file": "minecraft:gui/title/game_over.png",
         "ascent": 16, "height": 16,
         "chars": [
            "\uE1FD"
         ]
      }
   ]
}