{"type":"minecraft:entity","pools":[{"rolls":1,"entries":[{"type":"minecraft:item","name":"minecraft:emerald","functions":[{"function":"minecraft:set_count","count":{"min":0,"max":1}},{"function":"minecraft:apply_bonus","enchantment":"minecraft:looting","formula":"minecraft:uniform_bonus_count","parameters":{"bonusMultiplier":1}}]}]},{"rolls":1,"conditions":[{"condition":"minecraft:entity_properties","entity":"this","predicate":{"type_specific":{"type":"minecraft:raider","has_raid":true}}}],"entries":[{"type":"minecraft:item","name":"minecraft:emerald","weight":8,"functions":[{"function":"minecraft:apply_bonus","enchantment":"minecraft:looting","formula":"minecraft:uniform_bonus_count","parameters":{"bonusMultiplier":1}},{"function":"minecraft:set_count","count":{"min":4,"max":5}}]},{"type":"minecraft:item","name":"minecraft:book","functions":[{"function":"minecraft:enchant_with_levels","levels":30,"options":"#minecraft:treasure","conditions":[]}],"weight":8},{"type":"minecraft:item","name":"minecraft:iron_axe","weight":10,"functions":[{"function":"minecraft:enchant_with_levels","levels":0.5},{"function":"minecraft:set_damage","damage":{"type":"minecraft:uniform","min":0.3,"max":0.9}}]},{"type":"minecraft:item","name":"minecraft:iron_shovel","weight":10,"functions":[{"function":"minecraft:enchant_with_levels","levels":0.5},{"function":"minecraft:set_damage","damage":{"type":"minecraft:uniform","min":0.3,"max":0.9}}]},{"type":"minecraft:item","name":"minecraft:iron_pickaxe","weight":10,"functions":[{"function":"minecraft:enchant_with_levels","levels":0.5},{"function":"minecraft:set_damage","damage":{"type":"minecraft:uniform","min":0.3,"max":0.9}}]},{"type":"minecraft:item","name":"minecraft:iron_sword","weight":10,"functions":[{"function":"minecraft:enchant_with_levels","levels":0.5},{"function":"minecraft:set_damage","damage":{"type":"minecraft:uniform","min":0.3,"max":0.9}}]},{"type":"minecraft:item","name":"minecraft:iron_helmet","weight":10,"functions":[{"function":"minecraft:enchant_with_levels","levels":0.5},{"function":"minecraft:set_damage","damage":{"type":"minecraft:uniform","min":0.3,"max":0.9}}]},{"type":"minecraft:item","name":"minecraft:iron_chestplate","weight":10,"functions":[{"function":"minecraft:enchant_with_levels","levels":0.5},{"function":"minecraft:set_damage","damage":{"type":"minecraft:uniform","min":0.3,"max":0.9}}]},{"type":"minecraft:item","name":"minecraft:iron_leggings","weight":10,"functions":[{"function":"minecraft:enchant_with_levels","levels":0.5},{"function":"minecraft:set_damage","damage":{"type":"minecraft:uniform","min":0.3,"max":0.9}}]},{"type":"minecraft:item","name":"minecraft:iron_boots","weight":10,"functions":[{"function":"minecraft:enchant_with_levels","levels":0.5},{"function":"minecraft:set_damage","damage":{"type":"minecraft:uniform","min":0.3,"max":0.9}}]},{"type":"minecraft:item","name":"minecraft:crossbow","weight":10,"functions":[{"function":"minecraft:enchant_with_levels","levels":{"type":"minecraft:uniform","min":0.8,"max":1}},{"function":"minecraft:set_damage","damage":{"type":"minecraft:uniform","min":0.1,"max":0.8}}]}]}],"random_sequence":"minecraft:entities/pillager"}