{"credit":"Made with Blockbench","parent":"block/block","textures":{"particle":"#wall"},"elements":[{"name":"Center post","from":[4, 0, 12],"to":[12, 16, 19],"rotation":{"angle":0,"axis":"y","origin":[0, 0, 8]},"faces":{"north":{"uv":[4, 0, 12, 16],"texture":"#wall"},"east":{"uv":[4, 0, 12, 16],"texture":"#wall"},"south":{"uv":[4, 0, 12, 16],"texture":"#wall","cullface":"south"},"west":{"uv":[5, 0, 13, 16],"texture":"#wall"},"up":{"uv":[4, 4, 12, 12],"texture":"#wall"},"down":{"uv":[4, 4, 12, 12],"texture":"#wall"}}},{"name":"Center post","from":[4, 0, -3],"to":[12, 16, 4],"rotation":{"angle":0,"axis":"y","origin":[0, 0, -6]},"faces":{"north":{"uv":[4, 0, 12, 16],"texture":"#wall","cullface":"north"},"east":{"uv":[4, 0, 12, 16],"texture":"#wall"},"south":{"uv":[4, 0, 12, 16],"texture":"#wall"},"west":{"uv":[5, 0, 13, 16],"texture":"#wall"},"up":{"uv":[4, 4, 12, 12],"texture":"#wall"},"down":{"uv":[4, 4, 12, 12],"texture":"#wall"}}},{"name":"Full wall","from":[5.001, 0.001, 0.001],"to":[10.999, 12.999, 15.999],"faces":{"east":{"uv":[0, 3, 16, 16],"texture":"#wall"},"west":{"uv":[0, 3, 16, 16],"texture":"#wall"},"up":{"uv":[5, 0, 11, 16],"texture":"#wall"},"down":{"uv":[5, 0, 11, 16],"texture":"#wall","cullface":"down"}}}],"display":{"gui":{"rotation":[30, 135, 0],"scale":[0.625, 0.625, 0.625]},"fixed":{"rotation":[0, 90, 0],"scale":[0.5, 0.5, 0.5]}}}