{"type":"minecraft:block","pools":[{"bonus_rolls":0,"entries":[{"type":"minecraft:alternatives","children":[{"type":"minecraft:item","conditions":[{"condition":"minecraft:match_tool","predicate":{"predicates":{"minecraft:enchantments":[{"enchantments":"minecraft:silk_touch","levels":{"min":1}}]}}}],"name":"minecraft:dirt_path"},{"type":"minecraft:item","conditions":[{"condition":"minecraft:survives_explosion"}],"name":"minecraft:dirt"}]}],"rolls":1}],"random_sequence":"minecraft:blocks/dirt_path"}