{"providers":[{"type":"bitmap","file":"minecraft:icons/toggleon.png","ascent":11,"height":16,"chars":["\u0001"]},{"type":"bitmap","file":"minecraft:icons/toggleoff.png","ascent":11,"height":16,"chars":["\u0002"]},{"type":"bitmap","file":"minecraft:gui/title/you_died.png","ascent":15,"height":16,"chars":["\uE1FC"]},{"type":"bitmap","file":"minecraft:gui/title/game_over.png","ascent":16,"height":16,"chars":["\uE1FD"]},{"type":"bitmap","file":"minecraft:icons/gamerules.png","ascent":9,"height":12,"chars":["\ub003"]},{"type":"bitmap","file":"minecraft:icons/experiments.png","ascent":9,"height":12,"chars":["\ub002"]},{"type":"bitmap","file":"minecraft:icons/datapack.png","ascent":9,"height":12,"chars":["\ub001"]}]}