{"type":"minecraft:entity","pools":[{"rolls":1,"bonus_rolls":0,"entries":[{"type":"minecraft:item","name":"minecraft:rotten_flesh","functions":[{"function":"minecraft:set_count","count":{"type":"minecraft:uniform","min":0,"max":2},"add":false},{"function":"minecraft:enchanted_count_increase","enchantment":"minecraft:looting","count":{"type":"minecraft:uniform","min":0,"max":1}}]}]},{"rolls":1,"bonus_rolls":0,"entries":[{"type":"minecraft:item","name":"minecraft:copper_ingot"}],"conditions":[{"condition":"minecraft:killed_by_player"},{"condition":"minecraft:random_chance_with_enchanted_bonus","enchantment":"minecraft:looting","unenchanted_chance":0.11,"enchanted_chance":{"type":"minecraft:linear","base":0.13,"per_level_above_first":0.02}}]},{"rolls":1,"entries":[{"type":"minecraft:item","name":"minecraft:trident","weight":5}]},{"rolls":1,"entries":[{"type":"minecraft:item","name":"minecraft:nautilus_shell","weight":5}],"conditions":[{"condition":"minecraft:random_chance","chance":0.08}]},{"rolls":1,"entries":[{"type":"minecraft:item","name":"minecraft:fishing_rod","weight":5}],"conditions":[{"condition":"minecraft:random_chance","chance":0.01}]}],"random_sequence":"minecraft:entities/drowned"}